{
	"info": {
		"_postman_id": "81a032bd-87d2-4a59-83fa-705a0a5c36e4",
		"name": "KonnectBox-jwt",
		"description": "SignUp and login through springsecurity and JWT",
		"schema": "https://schema.getpostman.com/json/collection/v2.1.0/collection.json"
	},
	"item": [
		{
			"name": "SignUp",
			"request": {
				"method": "POST",
				"header": [],
				"body": {
					"mode": "raw",
					"raw": "{\r\n    \"username\":\"manishjha2034@gmail.com\",\r\n    \"password\":\"password@123\"\r\n}",
					"options": {
						"raw": {
							"language": "json"
						}
					}
				},
				"url": {
					"raw": "http://localhost:8080/signUp",
					"protocol": "http",
					"host": [
						"localhost"
					],
					"port": "8080",
					"path": [
						"signUp"
					]
				},
				"description": "Creates a user in user table if it doesnot exists"
			},
			"response": []
		},
		{
			"name": "SignIn",
			"request": {
				"method": "POST",
				"header": [],
				"body": {
					"mode": "raw",
					"raw": "{\r\n    \"username\":\"manishjha2034@gmail.com\",\r\n    \"password\":\"password@123\"\r\n}",
					"options": {
						"raw": {
							"language": "json"
						}
					}
				},
				"url": {
					"raw": "http://localhost:8080/authenticate",
					"protocol": "http",
					"host": [
						"localhost"
					],
					"port": "8080",
					"path": [
						"authenticate"
					]
				},
				"description": "Validates user from database and generates jwt token"
			},
			"response": []
		},
		{
			"name": "TestLogin",
			"request": {
				"method": "GET",
				"header": [
					{
						"key": "Authorization",
						"value": "Bearer eyJhbGciOiJIUzUxMiJ9.eyJzdWIiOiJtYW5pc2hqaGEyMDM0QGdtYWlsLmNvbSIsImV4cCI6MTYyMDcxNzI3NCwiaWF0IjoxNjIwNjk5Mjc0fQ.jdLTSOzD_wUuWwi4MpKPlFsu95ylF0U7rkgpqHaBaqXgLvzZHymKWsovWhCBml44RkQjz-3W5WQPqaOHdharxQ",
						"type": "text"
					}
				],
				"url": {
					"raw": "http://localhost:8080/testAuth",
					"protocol": "http",
					"host": [
						"localhost"
					],
					"port": "8080",
					"path": [
						"testAuth"
					]
				},
				"description": "it test if login is successfull or not "
			},
			"response": []
		}
	],
	"protocolProfileBehavior": {}
}